<?xml version="1.0" encoding="UTF-8"?>
<project-private xmlns="http://www.netbeans.org/ns/project-private/1">
    <editor-bookmarks xmlns="http://www.netbeans.org/ns/editor-bookmarks/2" lastBookmarkId="0"/>
    <open-files xmlns="http://www.netbeans.org/ns/projectui-open-files/2">
        <group>
            <file>file:/C:/Users/usuario/OneDrive/Documentos/Cosas%20de%20la%20facu/Desarrollos%20de%20Sistemas%20Orientados%20a%20Objetos/poo-aerolinea-version-final/src/Vuelos/view/VueloModificar.java</file>
            <file>file:/C:/Users/usuario/OneDrive/Documentos/Cosas%20de%20la%20facu/Desarrollos%20de%20Sistemas%20Orientados%20a%20Objetos/poo-aerolinea-version-final/src/Vuelos/controller/VueloController.java</file>
            <file>file:/C:/Users/usuario/OneDrive/Documentos/Cosas%20de%20la%20facu/Desarrollos%20de%20Sistemas%20Orientados%20a%20Objetos/poo-aerolinea-version-final/src/Personas/Pasajeros/View/PasajeroAñadir.java</file>
            <file>file:/C:/Users/usuario/OneDrive/Documentos/Cosas%20de%20la%20facu/Desarrollos%20de%20Sistemas%20Orientados%20a%20Objetos/poo-aerolinea-version-final/src/Personas/Empleados/View/EmpleadoAñadir.java</file>
            <file>file:/C:/Users/usuario/OneDrive/Documentos/Cosas%20de%20la%20facu/Desarrollos%20de%20Sistemas%20Orientados%20a%20Objetos/poo-aerolinea-version-final/src/Aeropuertos/Controller/AeropuertoController.java</file>
            <file>file:/C:/Users/usuario/OneDrive/Documentos/Cosas%20de%20la%20facu/Desarrollos%20de%20Sistemas%20Orientados%20a%20Objetos/poo-aerolinea-version-final/src/Intro/View/Intro.java</file>
            <file>file:/C:/Users/usuario/OneDrive/Documentos/Cosas%20de%20la%20facu/Desarrollos%20de%20Sistemas%20Orientados%20a%20Objetos/poo-aerolinea-version-final/src/Vuelos/view/VuelosAñadir.java</file>
            <file>file:/C:/Users/usuario/OneDrive/Documentos/Cosas%20de%20la%20facu/Desarrollos%20de%20Sistemas%20Orientados%20a%20Objetos/poo-aerolinea-version-final/src/Main/ProyectoFinalProgramacion.java</file>
            <file>file:/C:/Users/usuario/OneDrive/Documentos/Cosas%20de%20la%20facu/Desarrollos%20de%20Sistemas%20Orientados%20a%20Objetos/poo-aerolinea-version-final/src/Personas/Pasajeros/View/PasajeroABM.java</file>
            <file>file:/C:/Users/usuario/OneDrive/Documentos/Cosas%20de%20la%20facu/Desarrollos%20de%20Sistemas%20Orientados%20a%20Objetos/poo-aerolinea-version-final/src/Personas/Empleados/View/EmpleadoABM.java</file>
            <file>file:/C:/Users/usuario/OneDrive/Documentos/Cosas%20de%20la%20facu/Desarrollos%20de%20Sistemas%20Orientados%20a%20Objetos/poo-aerolinea-version-final/src/Vuelos/view/VuelosABM.java</file>
            <file>file:/C:/Users/usuario/OneDrive/Documentos/Cosas%20de%20la%20facu/Desarrollos%20de%20Sistemas%20Orientados%20a%20Objetos/poo-aerolinea-version-final/src/Aeropuertos/Model/Repository/AeropuertoDao.java</file>
            <file>file:/C:/Users/usuario/OneDrive/Documentos/Cosas%20de%20la%20facu/Desarrollos%20de%20Sistemas%20Orientados%20a%20Objetos/poo-aerolinea-version-final/src/Aeropuertos/Model/Repository/AeropuertoDaoImpl.java</file>
            <file>file:/C:/Users/usuario/OneDrive/Documentos/Cosas%20de%20la%20facu/Desarrollos%20de%20Sistemas%20Orientados%20a%20Objetos/poo-aerolinea-version-final/src/Vuelos/model/repository/VueloDao.java</file>
        </group>
    </open-files>
</project-private>
